CustomerID,Name,Age,Email,Signup_Date,Purchase_Amount,City,Phone
1,Customer_1,56.0,user1@mail.com,01/02/2023,4197.72,Chennai,9406835598
2,Customer_2,69.0,user2@mail.com,2023-01-02,3325.97,Madurai,9959638753
3,Customer_3,46.0,user3@mail.com,2023-01-03,1284.5,Madurai,9276881769
4,Customer_4,32.0,user4@mail.com,2023-01-04,2112.61,COIMBATORE,9819332214
5,Customer_5,60.0,user5@mail.com,2023-01-05,3513.53,Coimbatore,9831799979
6,Customer_6,25.0,user6@mail.com,2023-01-06,,COIMBATORE,9549115440
7,Customer_7,38.0,user7@mail.com,2023-01-07,2855.06,COIMBATORE,9965650535
8,Customer_8,56.0,user8@mail.com,2023-01-08,3119.71,chennai,9685963466
9,Customer_9,36.0,user9@mail.com,2023-01-09,1758.46,Chennai,9633520700
10,Customer_10,40.0,user10@mail.com,2023-01-10,,Coimbatore,9986806466
11,Customer_11,28.0,user11@mail.com,2023-01-11,-93.01,Trichy,9728015738
12,Customer_12,28.0,user12@mail.com,2023-01-12,1680.49,Trichy,9235661445
13,Customer_13,41.0,user13@mail,2023-01-13,2297.95,Madurai,9507062536
14,Customer_14,53.0,user14@mail.com,2023-01-14,1501.77,Madurai,9899775493
15,Customer_15,57.0,user15@mail.com,2023-01-15,3805.93,Trichy,9600812872
16,Customer_16,41.0,user16@mail.com,2023-01-16,1355.89,Madurai,9323214950
17,Customer_17,20.0,user17@mail.com,2023-01-17,2147.96,Chennai,9585091550
18,Customer_18,39.0,user18@mail.com,2023-01-18,,COIMBATORE,9277366431
19,Customer_19,19.0,user19@mail.com,2023-01-19,3653.02,Madurai,9309748520
20,Customer_20,41.0,user20@mail.com,2023-01-20,1351.31,chennai,9997908081
21,Customer_21,61.0,user21@mail.com,2023-01-21,3430.53,Madurai,9895435723
22,Customer_22,47.0,user22@mail.com,2023-01-22,2508.19,Coimbatore,9619558407
23,Customer_23,55.0,user23@mail.com,2023-01-23,1714.79,Chennai,9947613767
24,Customer_24,19.0,user24@mail.com,01/02/2023,2869.68,Coimbatore,9638179419
25,Customer_25,38.0,user25@mail.com,2023-01-25,2659.25,Coimbatore,9322170429
26,Customer_26,50.0,user26@mail,2023-01-26,2019.83,chennai,9243549523
27,Customer_27,29.0,user27@mail.com,2023-01-27,2555.84,Chennai,9484185661
28,Customer_28,39.0,user28@mail.com,2023-01-28,2191.75,Chennai,9582144366
29,Customer_29,61.0,user29@mail.com,2023-01-29,2590.81,Chennai,9378421754
30,Customer_30,42.0,user30@mail.com,2023-01-30,3029.7,Chennai,9444090630
31,Customer_31,66.0,user31@mail.com,2023-01-31,3768.81,Chennai,9790717130
32,Customer_32,44.0,user32@mail.com,2023-02-01,1509.75,chennai,9721982803
33,Customer_33,,user33@mail.com,2023-02-02,4206.43,Madurai,
34,Customer_34,45.0,user34@mail.com,2023-02-03,938.33,Coimbatore,9304407683
35,Customer_35,33.0,user35@mail.com,2023-02-04,2378.57,Chennai,9518655621
36,Customer_36,32.0,user36@mail.com,2023-02-05,2970.65,Madurai,9389041721
37,Customer_37,64.0,user37@mail.com,2023-02-06,,Madurai,9245309717
38,Customer_38,68.0,user38@mail.com,2023-02-07,2001.84,Coimbatore,9968950425
39,Customer_39,61.0,user39@mail,2023-02-08,2333.5,chennai,9716661506
40,Customer_40,69.0,user40@mail.com,2023-02-09,2105.6,Trichy,9275037566
41,Customer_41,20.0,user41@mail.com,2023-02-10,2028.51,Trichy,9213398568
42,Customer_42,54.0,user42@mail.com,2023-02-11,3179.68,Madurai,9804372411
43,Customer_43,68.0,user43@mail.com,2023-02-12,2785.61,COIMBATORE,9910061837
44,Customer_44,24.0,user44@mail.com,2023-02-13,1945.67,COIMBATORE,
45,Customer_45,,user45@mail.com,2023-02-14,3219.68,Coimbatore,9359210229
46,Customer_46,26.0,user46@mail.com,2023-02-15,2745.84,Trichy,9500628747
47,Customer_47,56.0,user47@mail.com,2023-02-16,3150.29,Madurai,9745508619
48,Customer_48,35.0,user48@mail.com,2023-02-17,3003.7,chennai,9785239180
49,Customer_49,21.0,user49@mail.com,2023-02-18,1836.8,Trichy,9623056428
50,Customer_50,42.0,user50@mail.com,2023-02-19,2051.86,Madurai,9597108210
51,Customer_51,31.0,user51@mail.com,2023-02-20,3097.83,Madurai,9439377298
52,Customer_52,67.0,user52@mail,2023-02-21,2988.3,Chennai,9473214563
53,Customer_53,,user53@mail.com,2023-02-22,2483.28,chennai,9882190471
54,Customer_54,43.0,user54@mail.com,2023-02-23,,Chennai,9623267804
55,Customer_55,19.0,user55@mail.com,2023-02-24,3522.13,Coimbatore,9270503798
56,Customer_56,37.0,user56@mail.com,2023-02-25,,Chennai,9888793652
57,Customer_57,,user57@mail.com,2023-02-26,2937.68,Chennai,9781644726
58,Customer_58,64.0,user58@mail.com,2023-02-27,2338.25,Trichy,9287525407
59,Customer_59,24.0,user59@mail.com,2023-02-28,2325.86,COIMBATORE,9794378283
60,Customer_60,61.0,user60@mail.com,2023-03-01,3379.02,Madurai,9337784657
61,Customer_61,25.0,user61@mail.com,2023-03-02,3160.33,chennai,9189597893
62,Customer_62,64.0,user62@mail.com,2023-03-03,3150.81,Chennai,9758259666
63,Customer_63,52.0,user63@mail.com,2023-03-04,3544.38,chennai,9453538596
64,Customer_64,31.0,user64@mail.com,2023-03-05,2516.8,COIMBATORE,9282444343
65,Customer_65,34.0,user65@mail,2023-03-06,3045.56,COIMBATORE,9745643906
66,Customer_66,53.0,user66@mail.com,2023-03-07,2251.79,Chennai,9450153627
67,Customer_67,67.0,user67@mail.com,2023-03-08,2759.33,Coimbatore,9957028297
68,Customer_68,57.0,user68@mail.com,2023-03-09,2395.89,Chennai,9758252530
69,Customer_69,21.0,user69@mail.com,2023-03-10,2577.6,Trichy,9874074402
70,Customer_70,19.0,user70@mail.com,2023-03-11,2976.13,Madurai,9410089820
71,Customer_71,,user71@mail.com,2023-03-12,1845.42,Coimbatore,9823271605
72,Customer_72,59.0,user72@mail.com,2023-03-13,4173.91,Chennai,9231651518
73,Customer_73,21.0,user73@mail.com,2023-03-14,20342.28,chennai,9974362062
74,Customer_74,,user74@mail.com,2023-03-15,1528.65,Coimbatore,9132997728
75,Customer_75,35.0,user75@mail.com,01/02/2023,3426.49,Coimbatore,9488490118
76,Customer_76,43.0,user76@mail.com,2023-03-17,3133.33,Chennai,9848154672
77,Customer_77,61.0,user77@mail.com,2023-03-18,2999.3,Coimbatore,9607976541
78,Customer_78,51.0,user78@mail,2023-03-19,3002.68,chennai,9812566713
79,Customer_79,27.0,user79@mail.com,2023-03-20,2490.2,COIMBATORE,
80,Customer_80,53.0,user80@mail.com,2023-03-21,1782.2,Coimbatore,
81,Customer_81,31.0,user81@mail.com,2023-03-22,2560.64,COIMBATORE,9653040676
82,Customer_82,48.0,user82@mail.com,2023-03-23,1958.27,chennai,9512037635
83,Customer_83,65.0,user83@mail.com,2023-03-24,3280.1,Chennai,9619857515
84,Customer_84,32.0,user84@mail.com,2023-03-25,2382.35,Madurai,9176123517
85,Customer_85,25.0,user85@mail.com,2023-03-26,1839.6,Coimbatore,9120808635
86,Customer_86,31.0,user86@mail.com,2023-03-27,2242.89,Madurai,9272267671
87,Customer_87,40.0,user87@mail.com,2023-03-28,2830.35,chennai,9285974321
88,Customer_88,57.0,user88@mail.com,2023-03-29,2049.02,Coimbatore,9602646448
89,Customer_89,38.0,user89@mail.com,2023-03-30,1842.22,COIMBATORE,9160111794
90,Customer_90,,user90@mail.com,2023-03-31,2694.95,Trichy,9437908319
91,Customer_91,62.0,user91@mail,2023-04-01,2695.97,Madurai,9478207848
92,Customer_92,35.0,user92@mail.com,2023-04-02,2094.45,Coimbatore,9910097059
93,Customer_93,64.0,user93@mail.com,2023-04-03,2123.17,Madurai,9226248185
94,Customer_94,41.0,user94@mail.com,2023-04-04,2685.64,Coimbatore,9724982881
95,Customer_95,43.0,user95@mail.com,2023-04-05,1341.53,Chennai,
96,Customer_96,42.0,user96@mail.com,2023-04-06,1374.03,COIMBATORE,9630098753
97,Customer_97,62.0,user97@mail.com,2023-04-07,1925.24,Madurai,9519719502
98,Customer_98,,user98@mail.com,2023-04-08,2329.24,Trichy,9747259553
99,Customer_99,46.0,user99@mail.com,2023-04-09,2748.73,Trichy,9284495011
100,Customer_100,32.0,user100@mail.com,2023-04-10,3680.28,chennai,9837535749
101,Customer_101,62.0,user101@mail.com,2023-04-11,3186.13,Coimbatore,9765760038
102,Customer_102,18.0,user102@mail.com,2023-04-12,2372.05,Madurai,9215224489
103,Customer_103,42.0,user103@mail.com,2023-04-13,2484.79,chennai,9496641650
104,Customer_104,24.0,user104@mail,2023-04-14,1697.98,Madurai,9245404089
105,Customer_105,26.0,user105@mail.com,2023-04-15,2485.19,Coimbatore,9797345269
106,Customer_106,41.0,user106@mail.com,2023-04-16,2269.07,Trichy,9568800124
107,Customer_107,18.0,user107@mail.com,2023-04-17,2758.17,Chennai,9674869122
108,Customer_108,61.0,user108@mail.com,2023-04-18,1838.22,Trichy,9628137452
109,Customer_109,25.0,user109@mail.com,2023-04-19,2915.48,chennai,9665046823
110,Customer_110,41.0,user110@mail.com,2023-04-20,44714.28,COIMBATORE,
111,Customer_111,28.0,user111@mail.com,2023-04-21,2412.99,Chennai,9665078882
112,Customer_112,68.0,user112@mail.com,2023-04-22,2821.37,chennai,9211670041
113,Customer_113,34.0,user113@mail.com,2023-04-23,3052.12,Coimbatore,9767052131
114,Customer_114,25.0,user114@mail.com,2023-04-24,2179.02,Chennai,9783039471
115,Customer_115,52.0,user115@mail.com,2023-04-25,2679.27,chennai,9537465565
116,Customer_116,52.0,user116@mail.com,2023-04-26,2510.07,Coimbatore,9871733078
117,Customer_117,50.0,user117@mail,2023-04-27,2578.14,Trichy,9669257257
118,Customer_118,22.0,user118@mail.com,2023-04-28,1881.59,COIMBATORE,9627630861
119,Customer_119,59.0,user119@mail.com,2023-04-29,2519.61,Coimbatore,9154181889
120,Customer_120,56.0,user120@mail.com,2023-04-30,2898.4,Madurai,
121,Customer_121,58.0,user121@mail.com,2023-05-01,3660.91,Coimbatore,9800213540
122,Customer_122,45.0,user122@mail.com,2023-05-02,3267.42,Coimbatore,9548330564
123,Customer_123,24.0,user123@mail.com,2023-05-03,4222.55,COIMBATORE,9396923045
124,Customer_124,26.0,user124@mail.com,2023-05-04,1886.12,Madurai,9903869224
125,Customer_125,25.0,user125@mail.com,01/02/2023,3197.86,chennai,9518301429
126,Customer_126,29.0,user126@mail.com,2023-05-06,2646.67,chennai,9618616891
127,Customer_127,,user127@mail.com,2023-05-07,4251.84,Coimbatore,9765809276
128,Customer_128,50.0,user128@mail.com,2023-05-08,1853.36,Madurai,9938829678
129,Customer_129,65.0,user129@mail.com,2023-05-09,1828.22,Madurai,9499081485
130,Customer_130,40.0,user130@mail,2023-05-10,2020.49,COIMBATORE,9163640055
131,Customer_131,41.0,user131@mail.com,2023-05-11,800.88,Trichy,9441084390
132,Customer_132,,user132@mail.com,2023-05-12,2079.4,chennai,9569153752
133,Customer_133,52.0,user133@mail.com,2023-05-13,1892.69,COIMBATORE,9798453075
134,Customer_134,61.0,user134@mail.com,2023-05-14,2620.32,Chennai,9499220865
135,Customer_135,57.0,user135@mail.com,2023-05-15,2773.4,chennai,9509145062
136,Customer_136,39.0,user136@mail.com,2023-05-16,4000.94,COIMBATORE,9802329669
137,Customer_137,44.0,user137@mail.com,2023-05-17,3260.34,chennai,9753364368
138,Customer_138,52.0,user138@mail.com,2023-05-18,2038.48,Trichy,9705940602
139,Customer_139,18.0,user139@mail.com,2023-05-19,1781.27,Chennai,9366923864
140,Customer_140,52.0,user140@mail.com,2023-05-20,,Trichy,9740147483
141,Customer_141,54.0,user141@mail.com,2023-05-21,,Chennai,9134932801
142,Customer_142,64.0,user142@mail.com,2023-05-22,3965.17,Coimbatore,9563797410
143,Customer_143,31.0,user143@mail,2023-05-23,3443.55,COIMBATORE,9773178852
144,Customer_144,20.0,user144@mail.com,2023-05-24,2124.66,Chennai,
145,Customer_145,18.0,user145@mail.com,2023-05-25,1129.49,Trichy,9422938878
146,Customer_146,22.0,user146@mail.com,2023-05-26,3583.1,chennai,9479729344
147,Customer_147,43.0,user147@mail.com,2023-05-27,,Chennai,9200816295
148,Customer_148,31.0,user148@mail.com,2023-05-28,3490.25,COIMBATORE,9523973323
149,Customer_149,56.0,user149@mail.com,2023-05-29,1224.46,Chennai,9662098103
150,Customer_150,44.0,user150@mail.com,2023-05-30,2020.5,Madurai,9729898915
151,Customer_151,26.0,user151@mail.com,2023-05-31,,chennai,9975269422
152,Customer_152,32.0,user152@mail.com,2023-06-01,2537.58,COIMBATORE,9674278665
153,Customer_153,32.0,user153@mail.com,2023-06-02,2139.95,COIMBATORE,9415666114
154,Customer_154,43.0,user154@mail.com,2023-06-03,2998.28,Coimbatore,9924738421
155,Customer_155,59.0,user155@mail.com,2023-06-04,1645.9,Trichy,9829104653
156,Customer_156,30.0,user156@mail,2023-06-05,2386.1,Coimbatore,9447417167
157,Customer_157,68.0,user157@mail.com,2023-06-06,2596.24,COIMBATORE,9184928457
158,Customer_158,49.0,user158@mail.com,2023-06-07,2911.55,chennai,9953743196
159,Customer_159,56.0,user159@mail.com,2023-06-08,,Chennai,
160,Customer_160,66.0,user160@mail.com,2023-06-09,1600.29,Chennai,9827526219
161,Customer_161,69.0,user161@mail.com,2023-06-10,1272.71,chennai,9438801501
162,Customer_162,49.0,user162@mail.com,2023-06-11,3522.14,COIMBATORE,9726019688
163,Customer_163,21.0,user163@mail.com,2023-06-12,2765.85,Chennai,9876905984
164,Customer_164,47.0,user164@mail.com,2023-06-13,1901.21,Chennai,9956561796
165,Customer_165,54.0,user165@mail.com,2023-06-14,3740.92,Chennai,9477460487
166,Customer_166,40.0,user166@mail.com,2023-06-15,2592.54,Trichy,9603133866
167,Customer_167,56.0,user167@mail.com,2023-06-16,3443.44,Trichy,9952909003
168,Customer_168,62.0,user168@mail.com,2023-06-17,2554.01,Madurai,9988101376
169,Customer_169,32.0,user169@mail,2023-06-18,4148.6,Coimbatore,9110856760
170,Customer_170,60.0,user170@mail.com,2023-06-19,3904.27,chennai,9817439551
171,Customer_171,,user171@mail.com,2023-06-20,,chennai,9569228405
172,Customer_172,53.0,user172@mail.com,2023-06-21,3277.26,chennai,9819919059
173,Customer_173,30.0,user173@mail.com,2023-06-22,3016.3,Madurai,9655590939
174,Customer_174,49.0,user174@mail.com,2023-06-23,3594.91,Trichy,9257502584
175,Customer_175,,user175@mail.com,2023-06-24,1728.06,COIMBATORE,9553282922
176,Customer_176,68.0,user176@mail.com,2023-06-25,3048.84,COIMBATORE,9558410670
177,Customer_177,39.0,user177@mail.com,2023-06-26,3346.74,Madurai,9803535076
178,Customer_178,45.0,user178@mail.com,2023-06-27,1093.01,COIMBATORE,9243932619
179,Customer_179,19.0,user179@mail.com,2023-06-28,,chennai,9236538416
180,Customer_180,59.0,user180@mail.com,2023-06-29,868.61,Coimbatore,
181,Customer_181,62.0,user181@mail.com,2023-06-30,2284.47,Chennai,9982124407
182,Customer_182,23.0,user182@mail,2023-07-01,3074.03,Trichy,9339101483
183,Customer_183,45.0,user183@mail.com,2023-07-02,3701.89,Trichy,9943396919
184,Customer_184,45.0,user184@mail.com,2023-07-03,2559.28,Madurai,9466594203
185,Customer_185,,user185@mail.com,2023-07-04,3802.89,Trichy,9590554734
186,Customer_186,61.0,user186@mail.com,2023-07-05,1395.92,chennai,9607971278
187,Customer_187,37.0,user187@mail.com,2023-07-06,1137.29,COIMBATORE,9349710469
188,Customer_188,47.0,user188@mail.com,2023-07-07,2455.56,chennai,9984081259
189,Customer_189,28.0,user189@mail.com,2023-07-08,2807.25,Madurai,9271394298
190,Customer_190,45.0,user190@mail.com,2023-07-09,2473.84,chennai,9580691132
191,Customer_191,42.0,user191@mail.com,2023-07-10,846.05,COIMBATORE,9246835347
192,Customer_192,56.0,user192@mail.com,2023-07-11,2428.7,Coimbatore,9184823921
193,Customer_193,50.0,user193@mail.com,2023-07-12,1456.42,Madurai,9345186177
194,Customer_194,18.0,user194@mail.com,2023-07-13,3035.74,Coimbatore,9628155592
195,Customer_195,,user195@mail,2023-07-14,2793.28,Chennai,9233872126
196,Customer_196,69.0,user196@mail.com,2023-07-15,1748.1,Coimbatore,9901465363
197,Customer_197,,user197@mail.com,2023-07-16,2088.91,Chennai,
198,Customer_198,58.0,user198@mail.com,2023-07-17,1652.63,Chennai,9268979228
199,Customer_199,20.0,user199@mail.com,2023-07-18,2449.86,Coimbatore,
200,Customer_200,56.0,user200@mail.com,2023-07-19,3264.11,Madurai,9624458102
201,Customer_201,,user201@mail.com,2023-07-20,1711.42,COIMBATORE,9968438213
202,Customer_202,25.0,user202@mail.com,2023-07-21,2903.24,chennai,9873138916
203,Customer_203,44.0,user203@mail.com,2023-07-22,2075.79,chennai,9889737204
204,Customer_204,26.0,user204@mail.com,2023-07-23,1865.7,COIMBATORE,9480343354
205,Customer_205,54.0,user205@mail.com,2023-07-24,2414.38,Chennai,9384138308
206,Customer_206,50.0,user206@mail.com,2023-07-25,,Chennai,9543708576
207,Customer_207,68.0,user207@mail.com,2023-07-26,2057.08,Madurai,9131073264
208,Customer_208,59.0,user208@mail,2023-07-27,1541.7,Trichy,9463657906
209,Customer_209,61.0,user209@mail.com,2023-07-28,,Coimbatore,9278554061
210,Customer_210,,user210@mail.com,2023-07-29,2528.21,Chennai,9908346635
211,Customer_211,32.0,user211@mail.com,01/02/2023,1940.22,chennai,9737129193
212,Customer_212,49.0,user212@mail.com,2023-07-31,2671.18,Madurai,9732987923
213,Customer_213,49.0,user213@mail.com,2023-08-01,2410.14,Coimbatore,9898725370
214,Customer_214,41.0,user214@mail.com,2023-08-02,2323.22,Madurai,9121217066
215,Customer_215,58.0,user215@mail.com,2023-08-03,2991.33,Coimbatore,9174645629
216,Customer_216,69.0,user216@mail.com,2023-08-04,3106.01,Coimbatore,9966775009
217,Customer_217,66.0,user217@mail.com,2023-08-05,2075.6,COIMBATORE,9414093784
218,Customer_218,66.0,user218@mail.com,2023-08-06,2039.35,Chennai,9697515569
219,Customer_219,69.0,user219@mail.com,2023-08-07,,Madurai,9606455224
220,Customer_220,29.0,user220@mail.com,2023-08-08,658.46,Madurai,9444079398
221,Customer_221,56.0,user221@mail,2023-08-09,1287.85,COIMBATORE,9979351006
222,Customer_222,19.0,user222@mail.com,2023-08-10,3593.5,chennai,9118144439
223,Customer_223,20.0,user223@mail.com,2023-08-11,3815.97,chennai,9166984430
224,Customer_224,66.0,user224@mail.com,2023-08-12,2300.77,Chennai,9193329834
225,Customer_225,54.0,user225@mail.com,2023-08-13,2961.25,Chennai,9497943702
226,Customer_226,66.0,user226@mail.com,2023-08-14,,Trichy,
227,Customer_227,34.0,user227@mail.com,2023-08-15,4963.1,COIMBATORE,9238491173
228,Customer_228,66.0,user228@mail.com,2023-08-16,3395.66,chennai,9699797587
229,Customer_229,19.0,user229@mail.com,2023-08-17,2397.67,Coimbatore,9640055702
230,Customer_230,19.0,user230@mail.com,2023-08-18,1735.57,Madurai,9228735615
231,Customer_231,45.0,user231@mail.com,2023-08-19,1214.84,Chennai,9670005117
232,Customer_232,40.0,user232@mail.com,2023-08-20,2662.77,Madurai,9348807212
233,Customer_233,54.0,user233@mail.com,2023-08-21,1894.92,Madurai,9716509747
234,Customer_234,49.0,user234@mail,2023-08-22,,Trichy,9979097167
235,Customer_235,50.0,user235@mail.com,2023-08-23,,chennai,9915269809
236,Customer_236,18.0,user236@mail.com,01/02/2023,1634.76,Chennai,9966953961
237,Customer_237,36.0,user237@mail.com,2023-08-25,3849.71,Madurai,9844886646
238,Customer_238,19.0,user238@mail.com,2023-08-26,38463.72,Chennai,9797424903
239,Customer_239,61.0,user239@mail.com,2023-08-27,2493.62,Coimbatore,9908953172
240,Customer_240,43.0,user240@mail.com,2023-08-28,3683.96,Trichy,9503300480
241,Customer_241,49.0,user241@mail.com,2023-08-29,2561.89,Coimbatore,9841320455
242,Customer_242,23.0,user242@mail.com,2023-08-30,1810.97,Chennai,9770718620
243,Customer_243,,user243@mail.com,2023-08-31,3718.5,Chennai,9932150879
244,Customer_244,21.0,user244@mail.com,2023-09-01,2931.13,chennai,9607417092
245,Customer_245,28.0,user245@mail.com,2023-09-02,1670.2,Madurai,9860852565
246,Customer_246,34.0,user246@mail.com,2023-09-03,2347.73,Madurai,9122791342
247,Customer_247,55.0,user247@mail,2023-09-04,1799.51,Coimbatore,9927322145
248,Customer_248,41.0,user248@mail.com,2023-09-05,1393.76,Trichy,9794205632
249,Customer_249,22.0,user249@mail.com,2023-09-06,3240.94,COIMBATORE,9478452278
250,Customer_250,69.0,user250@mail.com,2023-09-07,4027.53,Madurai,9935861721
251,Customer_251,,user251@mail.com,01/02/2023,1381.15,chennai,9633850538
252,Customer_252,23.0,user252@mail.com,2023-09-09,2950.38,Coimbatore,9887044297
253,Customer_253,39.0,user253@mail.com,01/02/2023,1979.49,Coimbatore,
254,Customer_254,28.0,user254@mail.com,2023-09-11,2110.3,COIMBATORE,9606150032
255,Customer_255,65.0,user255@mail.com,2023-09-12,2026.08,chennai,9447364889
256,Customer_256,33.0,user256@mail.com,2023-09-13,1808.81,Trichy,9610692999
257,Customer_257,50.0,user257@mail.com,2023-09-14,30465.840000000004,chennai,9592241198
258,Customer_258,26.0,user258@mail.com,2023-09-15,1835.24,Trichy,9403266535
259,Customer_259,23.0,user259@mail.com,2023-09-16,2716.37,chennai,9179540080
260,Customer_260,33.0,user260@mail,2023-09-17,2459.81,chennai,9230511435
261,Customer_261,,user261@mail.com,2023-09-18,2308.84,Chennai,9585802970
262,Customer_262,20.0,user262@mail.com,2023-09-19,1773.95,Coimbatore,9877168711
263,Customer_263,37.0,user263@mail.com,2023-09-20,2038.58,chennai,
264,Customer_264,53.0,user264@mail.com,2023-09-21,3104.31,COIMBATORE,9914011181
265,Customer_265,,user265@mail.com,2023-09-22,2900.73,chennai,9824465603
266,Customer_266,43.0,user266@mail.com,2023-09-23,1717.96,Madurai,9858119200
267,Customer_267,20.0,user267@mail.com,2023-09-24,2579.47,Coimbatore,9532114688
268,Customer_268,36.0,user268@mail.com,2023-09-25,3101.11,Madurai,9919803422
269,Customer_269,37.0,user269@mail.com,2023-09-26,1164.48,Coimbatore,9782407887
270,Customer_270,49.0,user270@mail.com,01/02/2023,2934.69,Madurai,
271,Customer_271,24.0,user271@mail.com,2023-09-28,1969.9,chennai,9717892916
272,Customer_272,69.0,user272@mail.com,2023-09-29,2956.48,chennai,9817137199
273,Customer_273,58.0,user273@mail,2023-09-30,1889.39,Chennai,9749540676
274,Customer_274,50.0,user274@mail.com,2023-10-01,1056.09,COIMBATORE,9431508072
275,Customer_275,57.0,user275@mail.com,2023-10-02,1197.97,Madurai,9557813593
276,Customer_276,56.0,user276@mail.com,2023-10-03,2538.47,Trichy,9523370685
277,Customer_277,35.0,user277@mail.com,2023-10-04,2707.78,Chennai,9777940443
278,Customer_278,57.0,user278@mail.com,2023-10-05,1776.55,Madurai,9784134337
279,Customer_279,18.0,user279@mail.com,2023-10-06,3010.87,Madurai,9550773695
280,Customer_280,28.0,user280@mail.com,2023-10-07,1170.78,Chennai,9307069125
281,Customer_281,45.0,user281@mail.com,2023-10-08,2447.14,chennai,9392536894
282,Customer_282,42.0,user282@mail.com,2023-10-09,1531.19,Madurai,9600100256
283,Customer_283,67.0,user283@mail.com,2023-10-10,1978.53,chennai,
284,Customer_284,40.0,user284@mail.com,2023-10-11,2537.92,Chennai,9618632111
285,Customer_285,48.0,user285@mail.com,2023-10-12,1811.67,chennai,9110427148
286,Customer_286,47.0,user286@mail,2023-10-13,2192.36,Coimbatore,9239094600
287,Customer_287,59.0,user287@mail.com,2023-10-14,3305.03,Trichy,9488615924
288,Customer_288,52.0,user288@mail.com,2023-10-15,2038.49,Madurai,9387832652
289,Customer_289,24.0,user289@mail.com,2023-10-16,3168.55,COIMBATORE,9266153374
290,Customer_290,33.0,user290@mail.com,2023-10-17,1596.23,Trichy,9568622282
291,Customer_291,43.0,user291@mail.com,2023-10-18,2923.84,chennai,9651970115
292,Customer_292,65.0,user292@mail.com,2023-10-19,3653.25,Madurai,9746442593
293,Customer_293,69.0,user293@mail.com,2023-10-20,522.68,chennai,9762027644
294,Customer_294,66.0,user294@mail.com,2023-10-21,1862.48,Coimbatore,9165244261
295,Customer_295,19.0,user295@mail.com,2023-10-22,2961.66,Chennai,9430854893
296,Customer_296,18.0,user296@mail.com,2023-10-23,2337.56,Madurai,9854517635
297,Customer_297,65.0,user297@mail.com,2023-10-24,2796.92,Coimbatore,9819808101
298,Customer_298,29.0,user298@mail.com,2023-10-25,,Coimbatore,9908194066
299,Customer_299,22.0,user299@mail,2023-10-26,2569.27,Madurai,9348446405
300,Customer_300,54.0,user300@mail.com,2023-10-27,2375.46,chennai,
301,Customer_301,49.0,user301@mail.com,2023-10-28,3434.23,COIMBATORE,9152764241
302,Customer_302,26.0,user302@mail.com,2023-10-29,2703.54,Coimbatore,9649288332
303,Customer_303,58.0,user303@mail.com,2023-10-30,2770.08,Trichy,9305358056
304,Customer_304,52.0,user304@mail.com,2023-10-31,2170.5,Coimbatore,9388603414
305,Customer_305,36.0,user305@mail.com,2023-11-01,2109.92,COIMBATORE,9897074258
306,Customer_306,,user306@mail.com,2023-11-02,2153.95,chennai,9610674284
307,Customer_307,33.0,user307@mail.com,2023-11-03,2815.56,chennai,9391345738
308,Customer_308,20.0,user308@mail.com,2023-11-04,2163.21,Trichy,9639758208
309,Customer_309,37.0,user309@mail.com,2023-11-05,32781.840000000004,Coimbatore,9616293975
310,Customer_310,41.0,user310@mail.com,2023-11-06,4160.32,chennai,9301302013
311,Customer_311,50.0,user311@mail.com,2023-11-07,3196.9,COIMBATORE,9291079221
312,Customer_312,,user312@mail,2023-11-08,2239.18,Madurai,9740270790
313,Customer_313,69.0,user313@mail.com,2023-11-09,3460.97,Chennai,9124733272
314,Customer_314,28.0,user314@mail.com,2023-11-10,2173.54,Chennai,9436644820
315,Customer_315,66.0,user315@mail.com,2023-11-11,869.5,Chennai,9420343694
316,Customer_316,25.0,user316@mail.com,2023-11-12,1693.53,Coimbatore,9659242304
317,Customer_317,53.0,user317@mail.com,2023-11-13,1003.37,Trichy,9600198475
318,Customer_318,55.0,user318@mail.com,2023-11-14,2218.79,chennai,9571724025
319,Customer_319,57.0,user319@mail.com,2023-11-15,2514.73,Madurai,9727806918
320,Customer_320,,user320@mail.com,2023-11-16,3841.15,COIMBATORE,9372468110
321,Customer_321,52.0,user321@mail.com,2023-11-17,2761.54,Madurai,9939525268
322,Customer_322,65.0,user322@mail.com,2023-11-18,2324.72,COIMBATORE,9660148370
323,Customer_323,42.0,user323@mail.com,2023-11-19,3163.52,Coimbatore,9695102523
324,Customer_324,52.0,user324@mail.com,2023-11-20,731.09,Chennai,9308304732
325,Customer_325,42.0,user325@mail,2023-11-21,2688.49,Coimbatore,9953382616
326,Customer_326,46.0,user326@mail.com,2023-11-22,3116.69,Trichy,9514401952
327,Customer_327,35.0,user327@mail.com,2023-11-23,1317.13,Trichy,9296223711
328,Customer_328,63.0,user328@mail.com,2023-11-24,3415.0,COIMBATORE,9629362416
329,Customer_329,35.0,user329@mail.com,2023-11-25,2770.8,chennai,9935025186
330,Customer_330,19.0,user330@mail.com,2023-11-26,2167.77,chennai,9162994533
331,Customer_331,52.0,user331@mail.com,2023-11-27,3006.23,COIMBATORE,9414374105
332,Customer_332,33.0,user332@mail.com,2023-11-28,4316.55,Trichy,9473927178
333,Customer_333,58.0,user333@mail.com,2023-11-29,2645.49,Trichy,9544308322
334,Customer_334,,user334@mail.com,2023-11-30,2698.58,Trichy,
335,Customer_335,50.0,user335@mail.com,01/02/2023,,Coimbatore,9822468461
336,Customer_336,21.0,user336@mail.com,2023-12-02,1820.12,Trichy,9712359117
337,Customer_337,50.0,user337@mail.com,2023-12-03,3164.27,Madurai,9613207113
338,Customer_338,31.0,user338@mail,2023-12-04,1815.13,Chennai,9140133569
339,Customer_339,38.0,user339@mail.com,2023-12-05,2557.25,Trichy,9101912584
340,Customer_340,65.0,user340@mail.com,2023-12-06,2117.87,COIMBATORE,9657425666
341,Customer_341,37.0,user341@mail.com,2023-12-07,2883.18,Chennai,9281950548
342,Customer_342,25.0,user342@mail.com,2023-12-08,2766.93,Coimbatore,9586764313
343,Customer_343,24.0,user343@mail.com,2023-12-09,3330.03,COIMBATORE,9965343815
344,Customer_344,20.0,user344@mail.com,2023-12-10,25103.879999999997,Chennai,9181955631
345,Customer_345,34.0,user345@mail.com,2023-12-11,2284.1,COIMBATORE,9517330625
346,Customer_346,50.0,user346@mail.com,2023-12-12,1716.99,Coimbatore,9805390491
347,Customer_347,65.0,user347@mail.com,2023-12-13,2144.57,Madurai,9210131828
348,Customer_348,29.0,user348@mail.com,2023-12-14,2801.84,Coimbatore,9373874140
349,Customer_349,68.0,user349@mail.com,2023-12-15,3105.59,Coimbatore,9491906457
350,Customer_350,39.0,user350@mail.com,2023-12-16,1762.27,COIMBATORE,9567800728
351,Customer_351,39.0,user351@mail,2023-12-17,3195.68,chennai,9659185931
352,Customer_352,63.0,user352@mail.com,2023-12-18,43014.12,Trichy,9739915140
353,Customer_353,47.0,user353@mail.com,2023-12-19,2830.75,Trichy,9739188961
354,Customer_354,55.0,user354@mail.com,2023-12-20,4001.44,Madurai,9214348335
355,Customer_355,55.0,user355@mail.com,2023-12-21,1880.97,Madurai,9444337700
356,Customer_356,62.0,user356@mail.com,2023-12-22,1504.28,Trichy,9244321835
357,Customer_357,68.0,user357@mail.com,2023-12-23,1077.02,chennai,9563448846
358,Customer_358,25.0,user358@mail.com,2023-12-24,3696.84,Trichy,9720044330
359,Customer_359,44.0,user359@mail.com,2023-12-25,3023.49,chennai,9163923119
360,Customer_360,44.0,user360@mail.com,2023-12-26,2455.53,Madurai,9312232534
361,Customer_361,51.0,user361@mail.com,2023-12-27,2723.97,Chennai,9370521669
362,Customer_362,38.0,user362@mail.com,2023-12-28,1599.61,COIMBATORE,9982717562
363,Customer_363,,user363@mail.com,2023-12-29,4456.6,Madurai,9191199914
364,Customer_364,50.0,user364@mail,2023-12-30,2603.38,Madurai,9178308332
365,Customer_365,45.0,user365@mail.com,2023-12-31,2587.52,Coimbatore,9410927380
366,Customer_366,64.0,user366@mail.com,2024-01-01,3080.61,Coimbatore,9940860054
367,Customer_367,50.0,user367@mail.com,2024-01-02,2884.81,Coimbatore,9876796778
368,Customer_368,22.0,user368@mail.com,2024-01-03,2679.11,COIMBATORE,9132482294
369,Customer_369,65.0,user369@mail.com,2024-01-04,,Coimbatore,9730133071
370,Customer_370,36.0,user370@mail.com,2024-01-05,2877.17,chennai,9733399086
371,Customer_371,21.0,user371@mail.com,2024-01-06,4005.62,Trichy,9406146420
372,Customer_372,52.0,user372@mail.com,2024-01-07,3576.34,Chennai,9735786363
373,Customer_373,66.0,user373@mail.com,2024-01-08,3774.55,Madurai,9979008142
374,Customer_374,34.0,user374@mail.com,2024-01-09,2091.03,chennai,9764401699
375,Customer_375,61.0,user375@mail.com,2024-01-10,1708.32,Chennai,9860357578
376,Customer_376,45.0,user376@mail.com,2024-01-11,2399.37,chennai,9658665778
377,Customer_377,47.0,user377@mail,2024-01-12,2544.58,chennai,9358846478
378,Customer_378,46.0,user378@mail.com,2024-01-13,3375.35,Madurai,9946770499
379,Customer_379,63.0,user379@mail.com,2024-01-14,1146.03,Trichy,9892146708
380,Customer_380,23.0,user380@mail.com,2024-01-15,3723.64,Coimbatore,9536466133
381,Customer_381,52.0,user381@mail.com,2024-01-16,28483.08,COIMBATORE,9935621650
382,Customer_382,58.0,user382@mail.com,2024-01-17,2158.5,Trichy,9535599137
383,Customer_383,54.0,user383@mail.com,2024-01-18,1690.32,COIMBATORE,
384,Customer_384,41.0,user384@mail.com,2024-01-19,1176.11,Madurai,9604021955
385,Customer_385,46.0,user385@mail.com,2024-01-20,3158.54,Madurai,9129105135
386,Customer_386,66.0,user386@mail.com,2024-01-21,2558.65,Madurai,9199148148
387,Customer_387,63.0,user387@mail.com,2024-01-22,1468.03,Chennai,9249777971
388,Customer_388,48.0,user388@mail.com,2024-01-23,1463.94,COIMBATORE,
389,Customer_389,52.0,user389@mail.com,2024-01-24,2231.37,Trichy,9346058522
390,Customer_390,50.0,user390@mail,2024-01-25,3835.22,Trichy,9871401372
391,Customer_391,69.0,user391@mail.com,2024-01-26,2292.33,chennai,9327744494
392,Customer_392,38.0,user392@mail.com,2024-01-27,1297.49,chennai,9238556571
393,Customer_393,49.0,user393@mail.com,2024-01-28,2303.41,chennai,9268196386
394,Customer_394,40.0,user394@mail.com,2024-01-29,2281.82,Madurai,9447600519
395,Customer_395,50.0,user395@mail.com,2024-01-30,342.49,Trichy,9363314575
396,Customer_396,20.0,user396@mail.com,2024-01-31,2456.56,COIMBATORE,9484942185
397,Customer_397,35.0,user397@mail.com,2024-02-01,2315.25,Madurai,9573879971
398,Customer_398,42.0,user398@mail.com,2024-02-02,3056.97,Chennai,9743837953
399,Customer_399,59.0,user399@mail.com,2024-02-03,3979.16,chennai,9197169328
400,Customer_400,48.0,user400@mail.com,2024-02-04,3401.25,Madurai,9802438019
401,Customer_401,20.0,user401@mail.com,2024-02-05,2284.89,Madurai,9414280025
402,Customer_402,,user402@mail.com,2024-02-06,1614.78,Chennai,9623496792
403,Customer_403,63.0,user403@mail,2024-02-07,4558.69,Coimbatore,
404,Customer_404,41.0,user404@mail.com,2024-02-08,2547.37,Trichy,9878030538
405,Customer_405,67.0,user405@mail.com,2024-02-09,2511.14,COIMBATORE,
406,Customer_406,49.0,user406@mail.com,2024-02-10,2480.7,Coimbatore,9877895262
407,Customer_407,64.0,user407@mail.com,2024-02-11,,chennai,9569937259
408,Customer_408,39.0,user408@mail.com,2024-02-12,2384.51,Madurai,9879271753
409,Customer_409,40.0,user409@mail.com,2024-02-13,2041.07,Chennai,9313808166
410,Customer_410,19.0,user410@mail.com,2024-02-14,2062.51,Chennai,
411,Customer_411,44.0,user411@mail.com,2024-02-15,,Trichy,9892787102
412,Customer_412,59.0,user412@mail.com,2024-02-16,2065.26,Coimbatore,9997846854
413,Customer_413,19.0,user413@mail.com,2024-02-17,1929.72,Trichy,9294468798
414,Customer_414,43.0,user414@mail.com,2024-02-18,2585.14,Madurai,9559032887
415,Customer_415,34.0,user415@mail.com,2024-02-19,2296.02,Trichy,9286432752
416,Customer_416,57.0,user416@mail,2024-02-20,,COIMBATORE,9389103785
417,Customer_417,50.0,user417@mail.com,2024-02-21,,Chennai,9895550140
418,Customer_418,26.0,user418@mail.com,2024-02-22,3373.21,Chennai,9128186921
419,Customer_419,60.0,user419@mail.com,2024-02-23,3496.87,chennai,9820491447
420,Customer_420,65.0,user420@mail.com,2024-02-24,,chennai,9849589587
421,Customer_421,56.0,user421@mail.com,2024-02-25,2225.85,Madurai,9473829493
422,Customer_422,,user422@mail.com,2024-02-26,2202.85,COIMBATORE,9340486150
423,Customer_423,59.0,user423@mail.com,2024-02-27,1373.99,Coimbatore,9382388277
424,Customer_424,43.0,user424@mail.com,2024-02-28,1877.75,Trichy,9315721344
425,Customer_425,52.0,user425@mail.com,2024-02-29,1611.54,Madurai,9630470059
426,Customer_426,67.0,user426@mail.com,2024-03-01,3901.82,chennai,9286455415
427,Customer_427,42.0,user427@mail.com,2024-03-02,3248.54,Trichy,9213813164
428,Customer_428,41.0,user428@mail.com,2024-03-03,3517.24,chennai,
429,Customer_429,30.0,user429@mail,2024-03-04,3077.34,Trichy,9582343470
430,Customer_430,24.0,user430@mail.com,2024-03-05,1596.76,Coimbatore,9965020794
431,Customer_431,53.0,user431@mail.com,2024-03-06,2080.38,Madurai,9111098252
432,Customer_432,62.0,user432@mail.com,2024-03-07,2891.5,Trichy,9536419446
433,Customer_433,37.0,user433@mail.com,2024-03-08,1522.3,COIMBATORE,9692641941
434,Customer_434,18.0,user434@mail.com,2024-03-09,3070.4,Chennai,9397163893
435,Customer_435,25.0,user435@mail.com,2024-03-10,2307.74,COIMBATORE,9165176852
436,Customer_436,63.0,user436@mail.com,2024-03-11,,COIMBATORE,9676412373
437,Customer_437,33.0,user437@mail.com,2024-03-12,3068.77,Chennai,9501745115
438,Customer_438,31.0,user438@mail.com,2024-03-13,2855.41,COIMBATORE,9287878425
439,Customer_439,29.0,user439@mail.com,2024-03-14,2211.23,Trichy,9729667598
440,Customer_440,68.0,user440@mail.com,2024-03-15,3427.46,Trichy,9576659721
441,Customer_441,40.0,user441@mail.com,2024-03-16,1635.15,Trichy,9850646231
442,Customer_442,32.0,user442@mail,2024-03-17,2992.75,Chennai,9791612025
443,Customer_443,45.0,user443@mail.com,2024-03-18,2974.48,COIMBATORE,9575764344
444,Customer_444,51.0,user444@mail.com,2024-03-19,2252.36,Chennai,9485951356
445,Customer_445,19.0,user445@mail.com,2024-03-20,2760.91,Trichy,9769547177
446,Customer_446,,user446@mail.com,2024-03-21,1499.11,COIMBATORE,9744344391
447,Customer_447,40.0,user447@mail.com,2024-03-22,3239.22,COIMBATORE,9185661847
448,Customer_448,39.0,user448@mail.com,2024-03-23,2352.08,chennai,9544191439
449,Customer_449,68.0,user449@mail.com,2024-03-24,2081.82,chennai,9343254320
450,Customer_450,42.0,user450@mail.com,2024-03-25,3339.21,Coimbatore,9124245082
451,Customer_451,39.0,user451@mail.com,2024-03-26,1936.53,Madurai,9231106084
452,Customer_452,39.0,user452@mail.com,2024-03-27,1373.23,chennai,9323598147
453,Customer_453,66.0,user453@mail.com,2024-03-28,1254.7,Chennai,9206541105
454,Customer_454,69.0,user454@mail.com,2024-03-29,2984.81,chennai,9411876114
455,Customer_455,59.0,user455@mail,2024-03-30,1475.66,Coimbatore,9534540131
456,Customer_456,23.0,user456@mail.com,2024-03-31,3903.84,COIMBATORE,9846200123
457,Customer_457,32.0,user457@mail.com,2024-04-01,834.46,Coimbatore,9836263334
458,Customer_458,60.0,user458@mail.com,2024-04-02,3857.17,COIMBATORE,9819621321
459,Customer_459,54.0,user459@mail.com,2024-04-03,2668.81,COIMBATORE,9355679320
460,Customer_460,50.0,user460@mail.com,2024-04-04,2422.63,Madurai,9510321041
461,Customer_461,25.0,user461@mail.com,2024-04-05,2064.06,chennai,9171537554
462,Customer_462,61.0,user462@mail.com,2024-04-06,2819.31,Chennai,9631971747
463,Customer_463,61.0,user463@mail.com,2024-04-07,2469.89,Chennai,9742973641
464,Customer_464,22.0,user464@mail.com,2024-04-08,3382.64,Trichy,9966585568
465,Customer_465,56.0,user465@mail.com,2024-04-09,2591.38,COIMBATORE,9847087286
466,Customer_466,21.0,user466@mail.com,2024-04-10,2620.24,Chennai,9471980529
467,Customer_467,23.0,user467@mail.com,2024-04-11,2209.11,Madurai,9757060420
468,Customer_468,62.0,user468@mail,2024-04-12,2454.44,COIMBATORE,9821615534
469,Customer_469,49.0,user469@mail.com,2024-04-13,2746.24,Madurai,9612216171
470,Customer_470,69.0,user470@mail.com,2024-04-14,1131.87,Chennai,9584459745
471,Customer_471,47.0,user471@mail.com,2024-04-15,1421.45,Chennai,9251861908
472,Customer_472,64.0,user472@mail.com,2024-04-16,3094.61,Trichy,9511090896
473,Customer_473,52.0,user473@mail.com,2024-04-17,2636.69,Chennai,9866419605
474,Customer_474,57.0,user474@mail.com,2024-04-18,2352.81,COIMBATORE,9201526959
475,Customer_475,69.0,user475@mail.com,2024-04-19,2514.75,COIMBATORE,9367455268
476,Customer_476,33.0,user476@mail.com,2024-04-20,2778.07,COIMBATORE,9709762958
477,Customer_477,30.0,user477@mail.com,2024-04-21,2068.19,Trichy,9559965403
478,Customer_478,67.0,user478@mail.com,2024-04-22,,Trichy,9985562822
479,Customer_479,59.0,user479@mail.com,2024-04-23,,Chennai,9300563871
480,Customer_480,47.0,user480@mail.com,2024-04-24,1717.3,Coimbatore,9692537098
481,Customer_481,36.0,user481@mail,2024-04-25,2826.6,Coimbatore,
482,Customer_482,34.0,user482@mail.com,2024-04-26,1137.93,Trichy,
483,Customer_483,36.0,user483@mail.com,2024-04-27,3323.32,Chennai,9667002188
484,Customer_484,45.0,user484@mail.com,2024-04-28,2878.08,Coimbatore,9505772796
485,Customer_485,43.0,user485@mail.com,2024-04-29,2704.82,Chennai,
486,Customer_486,54.0,user486@mail.com,2024-04-30,3286.15,Chennai,9708916376
487,Customer_487,43.0,user487@mail.com,2024-05-01,3832.38,Chennai,
488,Customer_488,40.0,user488@mail.com,2024-05-02,3311.5,chennai,9686004258
489,Customer_489,26.0,user489@mail.com,2024-05-03,1027.3,COIMBATORE,9516813318
490,Customer_490,29.0,user490@mail.com,2024-05-04,1476.34,Chennai,9938139476
491,Customer_491,18.0,user491@mail.com,2024-05-05,2000.15,chennai,9855232401
492,Customer_492,18.0,user492@mail.com,2024-05-06,2520.87,Trichy,9762794050
493,Customer_493,64.0,user493@mail.com,2024-05-07,2914.13,Coimbatore,9927713065
494,Customer_494,,user494@mail,2024-05-08,1919.4,COIMBATORE,9865361525
495,Customer_495,49.0,user495@mail.com,2024-05-09,2649.41,Coimbatore,9940915580
496,Customer_496,65.0,user496@mail.com,2024-05-10,1895.69,COIMBATORE,9926506992
497,Customer_497,42.0,user497@mail.com,2024-05-11,2010.79,Coimbatore,9167951050
498,Customer_498,57.0,user498@mail.com,2024-05-12,1374.67,COIMBATORE,9491228695
499,Customer_499,62.0,user499@mail.com,2024-05-13,1761.41,Coimbatore,
500,Customer_500,18.0,user500@mail.com,2024-05-14,1418.65,Coimbatore,9395094573
305,Customer_305,36.0,user305@mail.com,2023-11-01,2109.92,COIMBATORE,9897074258
341,Customer_341,37.0,user341@mail.com,2023-12-07,2883.18,Chennai,9281950548
48,Customer_48,35.0,user48@mail.com,2023-02-17,3003.7,chennai,9785239180
68,Customer_68,57.0,user68@mail.com,2023-03-09,2395.89,Chennai,9758252530
480,Customer_480,47.0,user480@mail.com,2024-04-24,1717.3,Coimbatore,9692537098
486,Customer_486,54.0,user486@mail.com,2024-04-30,3286.15,Chennai,9708916376
311,Customer_311,50.0,user311@mail.com,2023-11-07,3196.9,COIMBATORE,9291079221
32,Customer_32,44.0,user32@mail.com,2023-02-01,1509.75,chennai,9721982803
250,Customer_250,69.0,user250@mail.com,2023-09-07,4027.53,Madurai,9935861721
91,Customer_91,62.0,user91@mail,2023-04-01,2695.97,Madurai,9478207848
323,Customer_323,42.0,user323@mail.com,2023-11-19,3163.52,Coimbatore,9695102523
169,Customer_169,32.0,user169@mail,2023-06-18,4148.6,Coimbatore,9110856760
120,Customer_120,56.0,user120@mail.com,2023-04-30,2898.4,Madurai,
67,Customer_67,67.0,user67@mail.com,2023-03-08,2759.33,Coimbatore,9957028297
306,Customer_306,,user306@mail.com,2023-11-02,2153.95,chennai,9610674284
